{"stats":{"minecraft:used":{"minecraft:cooked_mutton":3,"minecraft:stone_sword":3,"minecraft:stone_pickaxe":39,"minecraft:wooden_pickaxe":16,"minecraft:shield":91,"minecraft:iron_sword":61,"minecraft:wooden_shovel":4,"minecraft:rotten_flesh":5,"minecraft:torch":31,"minecraft:dirt":4,"minecraft:crafting_table":3,"minecraft:oak_log":1,"minecraft:wooden_axe":11,"minecraft:iron_axe":1,"minecraft:iron_pickaxe":171,"minecraft:stone_axe":6,"minecraft:cobblestone":24,"minecraft:furnace":2},"minecraft:mined":{"minecraft:crafting_table":1,"minecraft:torch":3,"minecraft:grass_block":1,"minecraft:poppy":1,"minecraft:cobblestone":1,"minecraft:diorite":16,"minecraft:wall_torch":2,"minecraft:iron_ore":74,"minecraft:andesite":2,"minecraft:grass":1,"minecraft:oak_log":20,"minecraft:coal_ore":46,"minecraft:gravel":4,"minecraft:dirt":3,"minecraft:stone":81,"minecraft:gold_ore":6,"minecraft:oak_leaves":4},"minecraft:dropped":{"minecraft:wooden_shovel":1,"minecraft:wooden_pickaxe":1},"minecraft:broken":{"minecraft:wooden_axe":1},"minecraft:custom":{"minecraft:interact_with_furnace":12,"minecraft:mob_kills":21,"minecraft:interact_with_crafting_table":10,"minecraft:play_one_minute":40977,"minecraft:time_since_death":40977,"minecraft:time_since_rest":40977,"minecraft:sprint_one_cm":48825,"minecraft:damage_taken":385,"minecraft:walk_one_cm":76920,"minecraft:damage_blocked_by_shield":1985,"minecraft:drop":2,"minecraft:damage_dealt":3365,"minecraft:swim_one_cm":7893,"minecraft:fly_one_cm":30335,"minecraft:crouch_one_cm":8411,"minecraft:sneak_time":3520,"minecraft:walk_under_water_one_cm":2103,"minecraft:jump":348,"minecraft:walk_on_water_one_cm":12441,"minecraft:fall_one_cm":4697},"minecraft:picked_up":{"minecraft:stripped_oak_log":1,"minecraft:birch_log":6,"minecraft:crafting_table":1,"minecraft:chicken":2,"minecraft:andesite":2,"minecraft:leather":1,"minecraft:oak_log":62,"minecraft:dirt":4,"minecraft:bone":8,"minecraft:apple":2,"minecraft:beef":1,"minecraft:iron_ore":74,"minecraft:poppy":1,"minecraft:egg":1,"minecraft:stick":14,"minecraft:torch":5,"minecraft:gravel":8,"minecraft:diorite":16,"minecraft:gold_ore":6,"minecraft:arrow":4,"minecraft:rotten_flesh":9,"minecraft:oak_sapling":8,"minecraft:mutton":3,"minecraft:coal":46,"minecraft:white_wool":2,"minecraft:cobblestone":81},"minecraft:crafted":{"minecraft:oak_planks":44,"minecraft:wooden_shovel":1,"minecraft:crafting_table":2,"minecraft:wooden_pickaxe":1,"minecraft:iron_sword":1,"minecraft:furnace":2,"minecraft:birch_planks":24,"minecraft:stone_axe":1,"minecraft:cooked_mutton":3,"minecraft:air":0,"minecraft:shield":1,"minecraft:iron_axe":1,"minecraft:stick":56,"minecraft:iron_ingot":23,"minecraft:iron_pickaxe":1,"minecraft:stone_pickaxe":1,"minecraft:wooden_axe":1,"minecraft:stone_sword":1,"minecraft:torch":28},"minecraft:killed":{"minecraft:sheep":2,"minecraft:skeleton":7,"minecraft:zombie":8,"minecraft:chicken":2,"minecraft:enderman":1,"minecraft:cow":1}},"DataVersion":2586}