{"stats":{"minecraft:dropped":{"minecraft:wooden_shovel":1,"minecraft:wooden_pickaxe":1},"minecraft:mined":{"minecraft:iron_ore":15,"minecraft:crafting_table":1,"minecraft:grass":1,"minecraft:grass_block":1,"minecraft:coal_ore":22,"minecraft:oak_log":19,"minecraft:poppy":1,"minecraft:dirt":3,"minecraft:stone":18,"minecraft:wall_torch":1,"minecraft:oak_leaves":4},"minecraft:custom":{"minecraft:time_since_rest":17681,"minecraft:interact_with_furnace":7,"minecraft:sprint_one_cm":30664,"minecraft:walk_one_cm":30713,"minecraft:mob_kills":5,"minecraft:drop":2,"minecraft:damage_dealt":405,"minecraft:interact_with_crafting_table":8,"minecraft:swim_one_cm":7893,"minecraft:fly_one_cm":17474,"minecraft:crouch_one_cm":5135,"minecraft:play_one_minute":17681,"minecraft:sneak_time":1984,"minecraft:walk_under_water_one_cm":581,"minecraft:jump":138,"minecraft:walk_on_water_one_cm":2047,"minecraft:time_since_death":17681,"minecraft:fall_one_cm":1523},"minecraft:killed":{"minecraft:sheep":2,"minecraft:chicken":2,"minecraft:cow":1},"minecraft:picked_up":{"minecraft:stripped_oak_log":1,"minecraft:birch_log":6,"minecraft:stick":14,"minecraft:crafting_table":1,"minecraft:chicken":2,"minecraft:leather":1,"minecraft:torch":1,"minecraft:oak_log":61,"minecraft:dirt":4,"minecraft:apple":2,"minecraft:beef":1,"minecraft:iron_ore":15,"minecraft:poppy":1,"minecraft:oak_sapling":8,"minecraft:mutton":3,"minecraft:coal":22,"minecraft:white_wool":2,"minecraft:cobblestone":18,"minecraft:egg":1},"minecraft:crafted":{"minecraft:oak_planks":44,"minecraft:wooden_shovel":1,"minecraft:crafting_table":1,"minecraft:stick":56,"minecraft:iron_pickaxe":1,"minecraft:iron_ingot":8,"minecraft:wooden_pickaxe":1,"minecraft:stone_pickaxe":1,"minecraft:wooden_axe":1,"minecraft:stone_sword":1,"minecraft:iron_sword":1,"minecraft:furnace":1,"minecraft:torch":28,"minecraft:birch_planks":24,"minecraft:stone_axe":1,"minecraft:air":0,"minecraft:cooked_mutton":3},"minecraft:used":{"minecraft:cooked_mutton":1,"minecraft:wooden_axe":11,"minecraft:stone_sword":3,"minecraft:stone_pickaxe":39,"minecraft:wooden_pickaxe":16,"minecraft:wooden_shovel":4,"minecraft:stone_axe":6,"minecraft:torch":6,"minecraft:dirt":4,"minecraft:cobblestone":1,"minecraft:crafting_table":2,"minecraft:furnace":1},"minecraft:broken":{"minecraft:wooden_axe":1}},"DataVersion":2586}