{"stats":{"minecraft:used":{"minecraft:cooked_mutton":3,"minecraft:stone_sword":3,"minecraft:stone_pickaxe":39,"minecraft:wooden_pickaxe":16,"minecraft:shield":95,"minecraft:iron_sword":77,"minecraft:wooden_shovel":4,"minecraft:rotten_flesh":9,"minecraft:torch":31,"minecraft:dirt":4,"minecraft:crafting_table":3,"minecraft:oak_log":1,"minecraft:wooden_axe":11,"minecraft:iron_axe":1,"minecraft:iron_pickaxe":174,"carryon:entity_item":1,"minecraft:stone_axe":6,"minecraft:cobblestone":30,"minecraft:furnace":2},"minecraft:mined":{"minecraft:crafting_table":1,"minecraft:torch":3,"minecraft:grass_block":1,"minecraft:poppy":1,"minecraft:cobblestone":2,"minecraft:diorite":16,"minecraft:wall_torch":2,"minecraft:furnace":1,"minecraft:iron_ore":74,"minecraft:andesite":2,"minecraft:grass":1,"minecraft:oak_log":20,"minecraft:coal_ore":46,"minecraft:gravel":4,"minecraft:dirt":3,"minecraft:stone":82,"minecraft:gold_ore":6,"minecraft:oak_leaves":4},"minecraft:dropped":{"minecraft:wooden_shovel":1,"minecraft:wooden_pickaxe":1},"minecraft:broken":{"minecraft:wooden_axe":1},"minecraft:custom":{"minecraft:interact_with_furnace":24,"minecraft:mob_kills":22,"minecraft:interact_with_crafting_table":12,"goblintraders:trade_with_goblin":3,"minecraft:play_one_minute":52977,"minecraft:time_since_death":52977,"minecraft:time_since_rest":52977,"minecraft:sprint_one_cm":53309,"minecraft:damage_taken":555,"minecraft:walk_one_cm":91745,"minecraft:damage_blocked_by_shield":2110,"minecraft:drop":2,"minecraft:damage_dealt":3626,"minecraft:swim_one_cm":7893,"minecraft:fly_one_cm":32139,"minecraft:crouch_one_cm":8701,"minecraft:sneak_time":3619,"minecraft:walk_under_water_one_cm":2103,"minecraft:jump":364,"minecraft:walk_on_water_one_cm":12661,"minecraft:fall_one_cm":4697},"minecraft:picked_up":{"minecraft:stripped_oak_log":1,"minecraft:birch_log":6,"minecraft:crafting_table":2,"minecraft:chicken":2,"minecraft:andesite":2,"minecraft:leather":1,"minecraft:oak_log":62,"minecraft:dirt":4,"minecraft:bone":10,"minecraft:apple":2,"minecraft:beef":1,"minecraft:iron_ore":74,"minecraft:poppy":1,"minecraft:furnace":1,"minecraft:egg":1,"minecraft:stick":14,"minecraft:torch":5,"minecraft:gravel":8,"minecraft:diorite":16,"minecraft:gold_ore":6,"minecraft:arrow":7,"minecraft:rotten_flesh":10,"minecraft:oak_sapling":8,"minecraft:mutton":3,"minecraft:coal":46,"minecraft:white_wool":2,"minecraft:cobblestone":88},"minecraft:crafted":{"minecraft:oak_planks":44,"minecraft:wooden_shovel":1,"minecraft:crafting_table":2,"minecraft:wooden_pickaxe":1,"minecraft:iron_sword":1,"minecraft:furnace":2,"minecraft:birch_planks":24,"minecraft:stone_axe":1,"minecraft:cooked_mutton":3,"minecraft:air":0,"minecraft:shield":1,"minecraft:iron_axe":1,"minecraft:stick":56,"minecraft:iron_ingot":71,"minecraft:iron_pickaxe":1,"minecraft:stone_pickaxe":1,"minecraft:wooden_axe":1,"minecraft:stone_sword":1,"minecraft:gold_ingot":9,"minecraft:torch":28},"minecraft:killed":{"minecraft:sheep":2,"minecraft:skeleton":8,"minecraft:zombie":8,"minecraft:chicken":2,"minecraft:enderman":1,"minecraft:cow":1}},"DataVersion":2586}