{"stats":{"minecraft:dropped":{"minecraft:wooden_shovel":1,"minecraft:wooden_pickaxe":1},"minecraft:mined":{"minecraft:crafting_table":1,"minecraft:grass_block":1,"minecraft:poppy":1,"minecraft:diorite":2,"minecraft:wall_torch":2,"minecraft:iron_ore":68,"minecraft:andesite":2,"minecraft:grass":1,"minecraft:oak_log":20,"minecraft:coal_ore":46,"minecraft:dirt":3,"minecraft:stone":48,"minecraft:gold_ore":6,"minecraft:oak_leaves":4},"minecraft:custom":{"minecraft:interact_with_furnace":9,"minecraft:mob_kills":18,"minecraft:interact_with_crafting_table":9,"minecraft:play_one_minute":29681,"minecraft:time_since_death":29681,"minecraft:time_since_rest":29681,"minecraft:sprint_one_cm":44979,"minecraft:damage_taken":255,"minecraft:walk_one_cm":60659,"minecraft:damage_blocked_by_shield":885,"minecraft:drop":2,"minecraft:damage_dealt":2775,"minecraft:swim_one_cm":7893,"minecraft:fly_one_cm":27384,"minecraft:crouch_one_cm":8254,"minecraft:sneak_time":3334,"minecraft:walk_under_water_one_cm":2103,"minecraft:jump":326,"minecraft:walk_on_water_one_cm":12441,"minecraft:fall_one_cm":4008},"minecraft:killed":{"minecraft:sheep":2,"minecraft:skeleton":6,"minecraft:zombie":6,"minecraft:chicken":2,"minecraft:enderman":1,"minecraft:cow":1},"minecraft:picked_up":{"minecraft:stripped_oak_log":1,"minecraft:birch_log":6,"minecraft:crafting_table":1,"minecraft:chicken":2,"minecraft:andesite":2,"minecraft:leather":1,"minecraft:oak_log":62,"minecraft:dirt":4,"minecraft:bone":6,"minecraft:apple":2,"minecraft:beef":1,"minecraft:iron_ore":67,"minecraft:poppy":1,"minecraft:egg":1,"minecraft:stick":14,"minecraft:torch":2,"minecraft:gravel":1,"minecraft:diorite":2,"minecraft:gold_ore":6,"minecraft:arrow":2,"minecraft:rotten_flesh":6,"minecraft:oak_sapling":8,"minecraft:mutton":3,"minecraft:coal":46,"minecraft:white_wool":2,"minecraft:cobblestone":46},"minecraft:crafted":{"minecraft:oak_planks":44,"minecraft:wooden_shovel":1,"minecraft:crafting_table":1,"minecraft:wooden_pickaxe":1,"minecraft:iron_sword":1,"minecraft:furnace":1,"minecraft:birch_planks":24,"minecraft:stone_axe":1,"minecraft:cooked_mutton":3,"minecraft:air":0,"minecraft:shield":1,"minecraft:iron_axe":1,"minecraft:stick":56,"minecraft:iron_ingot":15,"minecraft:iron_pickaxe":1,"minecraft:stone_pickaxe":1,"minecraft:wooden_axe":1,"minecraft:stone_sword":1,"minecraft:torch":28},"minecraft:used":{"minecraft:cooked_mutton":3,"minecraft:stone_sword":3,"minecraft:stone_pickaxe":39,"minecraft:wooden_pickaxe":16,"minecraft:shield":30,"minecraft:iron_sword":49,"minecraft:wooden_shovel":4,"minecraft:torch":27,"minecraft:dirt":4,"minecraft:crafting_table":2,"minecraft:oak_log":1,"minecraft:wooden_axe":11,"minecraft:iron_axe":1,"minecraft:iron_pickaxe":117,"minecraft:stone_axe":6,"minecraft:cobblestone":15,"minecraft:furnace":1},"minecraft:broken":{"minecraft:wooden_axe":1}},"DataVersion":2586}