{"stats":{"minecraft:mined":{"minecraft:oak_log":13,"minecraft:oak_leaves":4},"minecraft:custom":{"minecraft:time_since_rest":5681,"minecraft:play_one_minute":5681,"minecraft:crouch_one_cm":2215,"minecraft:sprint_one_cm":10969,"minecraft:walk_one_cm":8366,"minecraft:sneak_time":773,"minecraft:walk_under_water_one_cm":21,"minecraft:jump":26,"minecraft:time_since_death":5681,"minecraft:walk_on_water_one_cm":158,"minecraft:swim_one_cm":1218,"minecraft:interact_with_crafting_table":1,"minecraft:fly_one_cm":3976},"minecraft:picked_up":{"minecraft:stripped_oak_log":1,"minecraft:birch_log":6,"minecraft:stick":10,"minecraft:apple":2,"minecraft:oak_log":34,"minecraft:oak_sapling":4},"minecraft:crafted":{"minecraft:oak_planks":40,"minecraft:crafting_table":1,"minecraft:stick":4,"minecraft:wooden_axe":1},"minecraft:used":{"minecraft:wooden_axe":4,"minecraft:crafting_table":1}},"DataVersion":2586}