{"stats":{"minecraft:used":{"minecraft:stone_sword":3,"minecraft:chest":2,"minecraft:shield":143,"minecraft:iron_sword":207,"minecraft:wooden_shovel":4,"minecraft:rotten_flesh":10,"minecraft:cooked_chicken":2,"minecraft:torch":31,"minecraft:dirt":4,"minecraft:milk_bucket":1,"minecraft:wooden_axe":11,"minecraft:iron_axe":51,"carryon:entity_item":1,"minecraft:furnace":4,"minecraft:cooked_beef":7,"minecraft:cooked_mutton":3,"minecraft:water_bucket":3,"minecraft:stone_pickaxe":39,"minecraft:oak_planks":23,"peru_mod:onion":1,"minecraft:wooden_pickaxe":16,"minecraft:golden_apple":2,"minecraft:crafting_table":8,"minecraft:oak_log":1,"minecraft:apple":4,"minecraft:cyan_bed":2,"minecraft:bread":3,"minecraft:iron_pickaxe":236,"minecraft:stone_axe":6,"minecraft:cobblestone":96,"minecraft:andesite":1,"minecraft:bucket":4},"minecraft:mined":{"minecraft:grass_block":3,"minecraft:polished_diorite":1,"minecraft:spawner":1,"minecraft:smooth_stone":2,"minecraft:hay_block":16,"farmersdelight:wild_onions":12,"minecraft:furnace":2,"minecraft:iron_ore":76,"minecraft:andesite":9,"nefdecomod:barrel_apples":1,"minecraft:enchanting_table":1,"nefdecomod:cage_top":2,"nefdecomod:apples":1,"minecraft:stone":112,"minecraft:oak_slab":1,"minecraft:oak_fence":2,"minecraft:crafting_table":2,"minecraft:torch":3,"minecraft:poppy":1,"minecraft:cobblestone":10,"minecraft:tall_grass":3,"minecraft:cyan_bed":2,"minecraft:oak_planks":7,"minecraft:diorite":16,"minecraft:wall_torch":2,"peru_mod:onion_plant":6,"minecraft:tnt":2,"minecraft:smooth_stone_slab":2,"minecraft:grass":7,"minecraft:coal_ore":46,"minecraft:oak_log":20,"minecraft:gravel":4,"minecraft:dirt":7,"minecraft:polished_andesite":2,"minecraft:gold_ore":6,"minecraft:oak_leaves":4},"minecraft:killed_by":{"minecraft:zombie_villager":1},"minecraft:broken":{"minecraft:shield":1,"minecraft:wooden_axe":1},"minecraft:dropped":{"minecraft:iron_ingot":1,"minecraft:oak_slab":1,"minecraft:wheat_seeds":1,"minecraft:oak_log":1,"minecraft:oak_fence":1,"minecraft:iron_helmet":2,"minecraft:leather":1,"minecraft:dirt":1,"minecraft:diorite":16,"minecraft:iron_leggings":1,"minecraft:white_wool":2,"minecraft:pink_tulip":1,"minecraft:gravel":8,"minecraft:stone_axe":1,"nefdecomod:cage_top":4,"minecraft:rotten_flesh":2,"minecraft:iron_boots":1,"nefdecomod:oak_barrel":1,"minecraft:poppy":1,"minecraft:iron_chestplate":2,"minecraft:andesite":3,"minecraft:wooden_shovel":1,"minecraft:wooden_pickaxe":1,"minecraft:egg":1},"minecraft:custom":{"minecraft:mob_kills":60,"minecraft:inspect_hopper":2,"minecraft:interact_with_crafting_table":21,"minecraft:open_barrel":12,"goblintraders:trade_with_goblin":3,"minecraft:time_since_death":19117,"minecraft:climb_one_cm":660,"minecraft:sprint_one_cm":139077,"minecraft:walk_one_cm":177730,"minecraft:damage_blocked_by_shield":3535,"minecraft:drop":28,"minecraft:talked_to_villager":1,"minecraft:deaths":1,"minecraft:sneak_time":8023,"minecraft:walk_under_water_one_cm":2103,"minecraft:jump":981,"minecraft:walk_on_water_one_cm":14566,"minecraft:interact_with_furnace":30,"minecraft:play_one_minute":94977,"minecraft:sleep_in_bed":3,"minecraft:time_since_rest":16077,"minecraft:damage_taken":1896,"minecraft:damage_absorbed":53,"minecraft:damage_dealt":11460,"minecraft:swim_one_cm":7893,"minecraft:fly_one_cm":121108,"minecraft:open_chest":8,"minecraft:crouch_one_cm":17303,"minecraft:fall_one_cm":13909},"minecraft:picked_up":{"minecraft:crafting_table":3,"minecraft:iron_chestplate":3,"minecraft:chicken":2,"nefdecomod:oak_barrel":1,"peru_mod:onion":6,"nefdecomod:apples":6,"minecraft:smooth_stone_slab":2,"minecraft:smooth_stone":2,"minecraft:beef":14,"minecraft:poppy":1,"minecraft:egg":1,"minecraft:furnace":2,"minecraft:iron_boots":1,"minecraft:stick":14,"nefdecomod:cage_top":4,"minecraft:oak_fence":1,"minecraft:torch":5,"minecraft:diorite":16,"minecraft:tnt":2,"minecraft:arrow":7,"minecraft:rotten_flesh":16,"farmersdelight:onion":12,"minecraft:hay_block":16,"minecraft:pink_tulip":3,"minecraft:mutton":3,"minecraft:cobblestone":127,"minecraft:white_wool":2,"minecraft:enchanting_table":1,"minecraft:birch_log":6,"minecraft:stripped_oak_log":1,"minecraft:andesite":10,"minecraft:leather":8,"minecraft:brown_wool":1,"minecraft:oak_log":84,"minecraft:gunpowder":2,"minecraft:dirt":10,"minecraft:white_banner":1,"minecraft:bone":10,"minecraft:apple":11,"minecraft:wheat_seeds":2,"minecraft:iron_ingot":1,"minecraft:cooked_chicken":1,"minecraft:iron_ore":76,"minecraft:glass_bottle":1,"minecraft:glowstone_dust":2,"minecraft:oak_planks":7,"minecraft:oak_slab":1,"minecraft:gravel":8,"minecraft:cyan_bed":2,"minecraft:gold_ore":6,"minecraft:polished_andesite":2,"minecraft:sugar":1,"minecraft:stone_axe":1,"minecraft:iron_helmet":2,"minecraft:crossbow":1,"minecraft:oak_sapling":8,"minecraft:coal":62},"minecraft:crafted":{"minecraft:oak_planks":164,"minecraft:cooked_chicken":1,"minecraft:furnace":2,"minecraft:cooked_mutton":3,"minecraft:iron_boots":1,"minecraft:iron_axe":1,"minecraft:stone_pickaxe":1,"minecraft:chest":2,"minecraft:wheat":144,"minecraft:cooked_beef":14,"minecraft:wooden_shovel":1,"minecraft:crafting_table":5,"minecraft:wooden_pickaxe":1,"minecraft:iron_helmet":1,"minecraft:iron_sword":1,"minecraft:bucket":1,"minecraft:birch_planks":24,"minecraft:stone_axe":1,"minecraft:bread":48,"minecraft:air":0,"minecraft:apple":54,"minecraft:iron_chestplate":1,"minecraft:golden_apple":2,"minecraft:shield":2,"minecraft:stick":56,"minecraft:iron_ingot":71,"minecraft:iron_pickaxe":1,"minecraft:wooden_axe":1,"minecraft:stone_sword":1,"minecraft:gold_ingot":18,"minecraft:iron_leggings":1,"minecraft:torch":28},"minecraft:killed":{"minecraft:witch":5,"minecraft:vindicator":1,"minecraft:skeleton":8,"minecraft:chicken":2,"minecraft:husk":2,"minecraft:zombie_villager":1,"minecraft:sheep":3,"minecraft:pillager":19,"minecraft:zombie":10,"minecraft:villager":1,"minecraft:enderman":1,"minecraft:cow":7}},"DataVersion":2586}