{"stats":{"minecraft:dropped":{"farmersdelight:tomato_seeds":1,"minecraft:iron_ingot":1,"minecraft:oak_slab":1,"minecraft:wheat_seeds":2,"minecraft:oak_log":1,"minecraft:oak_fence":1,"minecraft:iron_helmet":2,"minecraft:leather":1,"minecraft:dirt":1,"minecraft:diorite":16,"minecraft:iron_leggings":1,"minecraft:iron_axe":1,"minecraft:bucket":1,"minecraft:white_wool":2,"minecraft:pink_tulip":1,"minecraft:gravel":8,"minecraft:stone_axe":1,"nefdecomod:cage_top":4,"minecraft:rotten_flesh":2,"minecraft:iron_boots":1,"nefdecomod:oak_barrel":1,"minecraft:poppy":1,"minecraft:iron_chestplate":2,"minecraft:andesite":3,"minecraft:wooden_shovel":1,"minecraft:wooden_pickaxe":1,"minecraft:egg":1},"minecraft:mined":{"minecraft:spruce_planks":3,"minecraft:brewing_stand":1,"minecraft:granite":5,"minecraft:grass_block":3,"minecraft:polished_diorite":1,"minecraft:spawner":1,"minecraft:hay_block":16,"minecraft:smooth_stone":2,"farmersdelight:wild_onions":12,"minecraft:furnace":2,"minecraft:iron_ore":76,"minecraft:fire":4,"minecraft:andesite":30,"nefdecomod:barrel_apples":1,"minecraft:enchanting_table":1,"nefdecomod:apples":1,"nefdecomod:cage_top":2,"minecraft:stone":113,"minecraft:oak_slab":1,"minecraft:red_bed":1,"minecraft:oak_fence":2,"minecraft:crafting_table":2,"minecraft:torch":3,"minecraft:poppy":1,"minecraft:tall_grass":3,"minecraft:cobblestone":10,"farmersdelight:wild_tomatoes":1,"minecraft:cyan_bed":2,"minecraft:oak_planks":12,"minecraft:diorite":16,"minecraft:wall_torch":2,"peru_mod:onion_plant":6,"minecraft:tnt":29,"minecraft:smooth_stone_slab":2,"minecraft:grass":8,"minecraft:oak_log":20,"minecraft:coal_ore":46,"minecraft:gravel":8,"minecraft:dirt":7,"minecraft:polished_andesite":31,"nefdecomod:salt_block":2,"minecraft:gold_ore":6,"minecraft:oak_leaves":4},"minecraft:picked_up":{"minecraft:crafting_table":3,"minecraft:iron_chestplate":3,"minecraft:chicken":2,"nefdecomod:oak_barrel":1,"minecraft:brewing_stand":1,"peru_mod:onion":6,"minecraft:red_bed":1,"minecraft:iron_axe":1,"nefdecomod:apples":6,"minecraft:smooth_stone_slab":2,"minecraft:smooth_stone":2,"minecraft:bucket":1,"minecraft:spruce_planks":3,"minecraft:beef":14,"minecraft:poppy":1,"minecraft:furnace":2,"minecraft:egg":1,"minecraft:iron_boots":1,"minecraft:stick":14,"nefdecomod:cage_top":4,"minecraft:oak_fence":1,"minecraft:torch":5,"farmersdelight:tomato_seeds":2,"minecraft:diorite":16,"minecraft:tnt":28,"minecraft:arrow":9,"minecraft:rotten_flesh":18,"farmersdelight:onion":12,"minecraft:hay_block":16,"minecraft:pink_tulip":3,"minecraft:mutton":3,"minecraft:cobblestone":128,"minecraft:white_wool":2,"minecraft:stripped_oak_log":1,"minecraft:birch_log":6,"minecraft:enchanting_table":1,"minecraft:andesite":31,"minecraft:brown_wool":1,"minecraft:leather":8,"minecraft:oak_log":84,"minecraft:gunpowder":2,"minecraft:dirt":10,"minecraft:white_banner":1,"mowziesmobs:barakoa_mask_rage":1,"minecraft:bone":10,"minecraft:apple":11,"minecraft:wheat_seeds":3,"minecraft:iron_ingot":1,"minecraft:cooked_chicken":1,"minecraft:iron_ore":76,"minecraft:glass_bottle":1,"minecraft:glowstone_dust":2,"minecraft:oak_planks":10,"minecraft:oak_slab":1,"minecraft:gravel":11,"mowziesmobs:barakoa_mask_bliss":1,"minecraft:gold_ore":6,"minecraft:cyan_bed":2,"minecraft:spider_eye":1,"minecraft:polished_andesite":30,"minecraft:sugar":1,"minecraft:stone_axe":1,"minecraft:iron_helmet":2,"minecraft:granite":5,"minecraft:crossbow":1,"minecraft:emerald":1,"minecraft:oak_sapling":8,"minecraft:coal":62},"minecraft:broken":{"minecraft:shield":1,"minecraft:iron_sword":1,"minecraft:iron_pickaxe":1,"minecraft:wooden_axe":1},"minecraft:custom":{"minecraft:mob_kills":76,"minecraft:inspect_hopper":2,"minecraft:interact_with_crafting_table":24,"minecraft:open_barrel":16,"goblintraders:trade_with_goblin":3,"minecraft:time_since_death":51571,"minecraft:climb_one_cm":4575,"minecraft:sprint_one_cm":180805,"minecraft:walk_one_cm":250462,"minecraft:damage_blocked_by_shield":3930,"minecraft:drop":32,"minecraft:play_noteblock":1,"minecraft:talked_to_villager":2,"minecraft:deaths":1,"minecraft:sneak_time":12143,"minecraft:walk_under_water_one_cm":14489,"minecraft:jump":1326,"minecraft:walk_on_water_one_cm":20654,"minecraft:interact_with_furnace":31,"minecraft:tune_noteblock":7,"minecraft:play_one_minute":127431,"minecraft:sleep_in_bed":3,"minecraft:time_since_rest":48531,"minecraft:damage_taken":2771,"minecraft:damage_absorbed":53,"minecraft:damage_dealt":14007,"minecraft:swim_one_cm":9380,"minecraft:fly_one_cm":190166,"minecraft:open_chest":24,"minecraft:crouch_one_cm":29108,"minecraft:fall_one_cm":27957},"minecraft:crafted":{"minecraft:oak_planks":180,"minecraft:cooked_chicken":1,"minecraft:furnace":2,"minecraft:cooked_mutton":3,"minecraft:iron_boots":1,"minecraft:iron_axe":1,"minecraft:stone_pickaxe":1,"minecraft:chest":3,"minecraft:wheat":144,"minecraft:cooked_beef":14,"minecraft:wooden_shovel":1,"minecraft:crafting_table":7,"minecraft:wooden_pickaxe":1,"minecraft:iron_helmet":1,"minecraft:iron_sword":1,"minecraft:bucket":1,"minecraft:birch_planks":24,"minecraft:stone_axe":1,"minecraft:bread":48,"minecraft:air":0,"minecraft:apple":54,"minecraft:iron_chestplate":1,"minecraft:golden_apple":4,"minecraft:shield":2,"minecraft:stick":56,"minecraft:iron_ingot":71,"minecraft:iron_pickaxe":1,"minecraft:wooden_axe":1,"minecraft:stone_sword":1,"minecraft:iron_leggings":1,"minecraft:gold_ingot":27,"minecraft:torch":28},"minecraft:killed":{"minecraft:witch":5,"minecraft:spider":2,"minecraft:vindicator":2,"minecraft:skeleton":10,"minecraft:chicken":2,"minecraft:husk":2,"minecraft:zombie_villager":1,"minecraft:creeper":1,"minecraft:sheep":3,"minecraft:pillager":21,"minecraft:zombie":17,"minecraft:villager":1,"minecraft:cow":7,"minecraft:enderman":1},"minecraft:used":{"minecraft:stone_sword":3,"minecraft:flint_and_steel":4,"minecraft:spruce_planks":3,"minecraft:chest":3,"minecraft:shield":154,"minecraft:iron_sword":252,"minecraft:wooden_shovel":4,"minecraft:cooked_chicken":2,"minecraft:rotten_flesh":10,"minecraft:torch":31,"minecraft:dirt":4,"minecraft:milk_bucket":1,"minecraft:wooden_axe":11,"minecraft:iron_axe":65,"carryon:entity_item":1,"minecraft:furnace":4,"minecraft:cooked_beef":14,"minecraft:cooked_mutton":3,"minecraft:water_bucket":13,"minecraft:polished_andesite":29,"minecraft:stone_pickaxe":39,"minecraft:oak_planks":111,"peru_mod:onion":1,"minecraft:wooden_pickaxe":16,"minecraft:golden_apple":2,"minecraft:tnt":11,"minecraft:crafting_table":10,"minecraft:oak_log":1,"minecraft:apple":4,"minecraft:bread":8,"minecraft:cyan_bed":2,"minecraft:iron_pickaxe":321,"minecraft:stone_axe":6,"minecraft:cobblestone":96,"minecraft:andesite":1,"minecraft:bucket":14,"minecraft:smooth_stone":2},"minecraft:killed_by":{"minecraft:zombie_villager":1}},"DataVersion":2586}