{"stats":{"minecraft:used":{"minecraft:cooked_mutton":3,"minecraft:stone_sword":3,"minecraft:stone_pickaxe":39,"minecraft:wooden_pickaxe":16,"minecraft:shield":96,"minecraft:iron_sword":83,"minecraft:wooden_shovel":4,"minecraft:cooked_chicken":2,"minecraft:rotten_flesh":10,"minecraft:torch":31,"minecraft:dirt":4,"minecraft:crafting_table":4,"minecraft:oak_log":1,"minecraft:wooden_axe":11,"minecraft:iron_axe":10,"minecraft:iron_pickaxe":215,"carryon:entity_item":1,"minecraft:stone_axe":6,"minecraft:cobblestone":96,"minecraft:furnace":3,"minecraft:bucket":1,"minecraft:cooked_beef":1},"minecraft:mined":{"minecraft:oak_slab":1,"minecraft:oak_fence":2,"minecraft:crafting_table":1,"minecraft:torch":3,"minecraft:grass_block":3,"minecraft:poppy":1,"minecraft:tall_grass":2,"minecraft:cobblestone":8,"minecraft:cyan_bed":1,"minecraft:oak_planks":3,"minecraft:diorite":16,"minecraft:wall_torch":2,"minecraft:hay_block":3,"minecraft:furnace":2,"minecraft:iron_ore":76,"peru_mod:onion_plant":6,"minecraft:andesite":2,"minecraft:enchanting_table":1,"minecraft:grass":2,"minecraft:oak_log":20,"minecraft:coal_ore":46,"minecraft:gravel":4,"minecraft:dirt":7,"minecraft:stone":112,"minecraft:gold_ore":6,"minecraft:oak_leaves":4},"minecraft:broken":{"minecraft:wooden_axe":1},"minecraft:dropped":{"minecraft:gravel":8,"minecraft:wheat_seeds":1,"minecraft:leather":1,"minecraft:poppy":1,"minecraft:diorite":16,"minecraft:andesite":3,"minecraft:wooden_shovel":1,"minecraft:wooden_pickaxe":1,"minecraft:egg":1},"minecraft:custom":{"minecraft:interact_with_furnace":28,"minecraft:mob_kills":24,"minecraft:interact_with_crafting_table":13,"goblintraders:trade_with_goblin":3,"minecraft:play_one_minute":64977,"minecraft:time_since_death":64977,"minecraft:sleep_in_bed":1,"minecraft:climb_one_cm":660,"minecraft:time_since_rest":4925,"minecraft:sprint_one_cm":76866,"minecraft:damage_taken":705,"minecraft:walk_one_cm":114289,"minecraft:damage_blocked_by_shield":2160,"minecraft:drop":9,"minecraft:damage_dealt":3826,"minecraft:talked_to_villager":1,"minecraft:swim_one_cm":7893,"minecraft:fly_one_cm":60427,"minecraft:open_chest":2,"minecraft:crouch_one_cm":11710,"minecraft:sneak_time":4866,"minecraft:walk_under_water_one_cm":2103,"minecraft:jump":529,"minecraft:walk_on_water_one_cm":13048,"minecraft:fall_one_cm":7658},"minecraft:picked_up":{"minecraft:stripped_oak_log":1,"minecraft:birch_log":6,"minecraft:crafting_table":2,"minecraft:chicken":2,"minecraft:andesite":3,"minecraft:leather":4,"minecraft:oak_log":62,"peru_mod:onion":6,"minecraft:dirt":10,"minecraft:bone":10,"minecraft:apple":2,"minecraft:wheat_seeds":1,"minecraft:beef":5,"minecraft:cooked_chicken":1,"minecraft:iron_ore":76,"minecraft:poppy":1,"minecraft:oak_planks":3,"minecraft:furnace":2,"minecraft:egg":1,"minecraft:oak_slab":1,"minecraft:stick":14,"minecraft:oak_fence":1,"minecraft:torch":5,"minecraft:gravel":8,"minecraft:diorite":16,"minecraft:cyan_bed":1,"minecraft:gold_ore":6,"minecraft:arrow":7,"minecraft:rotten_flesh":10,"minecraft:hay_block":3,"minecraft:oak_sapling":8,"minecraft:mutton":3,"minecraft:coal":62,"minecraft:white_wool":2,"minecraft:cobblestone":125,"minecraft:enchanting_table":1},"minecraft:crafted":{"minecraft:cooked_beef":1,"minecraft:oak_planks":44,"minecraft:wooden_shovel":1,"minecraft:crafting_table":2,"minecraft:wooden_pickaxe":1,"minecraft:cooked_chicken":1,"minecraft:iron_sword":1,"minecraft:furnace":2,"minecraft:bucket":1,"minecraft:birch_planks":24,"minecraft:stone_axe":1,"minecraft:cooked_mutton":3,"minecraft:air":0,"minecraft:shield":1,"minecraft:iron_axe":1,"minecraft:stick":56,"minecraft:iron_ingot":71,"minecraft:iron_pickaxe":1,"minecraft:stone_pickaxe":1,"minecraft:wooden_axe":1,"minecraft:stone_sword":1,"minecraft:gold_ingot":9,"minecraft:torch":28},"minecraft:killed":{"minecraft:sheep":2,"minecraft:skeleton":8,"minecraft:zombie":8,"minecraft:chicken":2,"minecraft:enderman":1,"minecraft:cow":3}},"DataVersion":2586}